epoch,step,train/loss_epoch,train/loss_step,val/error_h,val/error_u,val/error_v,val/loss,val/loss_best
0,0,,,0.7778239250183105,0.9688986539840698,1.1278066635131836,1.3357741832733154,1.3357741832733154
0,0,1.0795615911483765,,,,,,
1,1,,,0.7709969282150269,0.9669228792190552,0.9902087450027466,1.2371864318847656,1.2371864318847656
1,1,0.8317685127258301,,,,,,
2,2,,,0.768602192401886,0.8865784406661987,1.1224992275238037,1.2448081970214844,1.2371864318847656
2,2,0.5792397260665894,,,,,,
3,3,,,0.7662550210952759,0.8580823540687561,1.1412272453308105,1.2300424575805664,1.2300424575805664
3,3,0.5826067924499512,,,,,,
4,4,,,0.7616651058197021,0.8601911067962646,1.070656180381775,1.178978681564331,1.178978681564331
4,4,0.6666403412818909,,,,,,
5,5,,,0.7582890391349792,0.8983571529388428,1.0207693576812744,1.1766579151153564,1.1766579151153564
5,5,0.6279820799827576,,,,,,
6,6,,,0.7756271958351135,0.9855920076370239,0.9943762421607971,1.2635421752929688,1.1766579151153564
6,6,0.5415369272232056,,,,,,
7,7,,,0.7746078968048096,0.9948542714118958,1.0007643699645996,1.2752569913864136,1.1766579151153564
7,7,0.5579566359519958,,,,,,
8,8,,,0.7586698532104492,0.9303250908851624,1.0161877870559692,1.2033601999282837,1.1766579151153564
8,8,0.5829439163208008,,,,,,
9,9,,,0.7591244578361511,0.8850859999656677,1.0004074573516846,1.1534451246261597,1.1534451246261597
9,9,0.5513508319854736,,,,,,
10,10,,,0.7621442675590515,0.8697888851165771,0.9812719225883484,1.1322932243347168,1.1322932243347168
10,10,0.5433498620986938,,,,,,
11,11,,,0.7583801746368408,0.8692736029624939,0.991209089756012,1.133203387260437,1.1322932243347168
11,11,0.5430551767349243,,,,,,
12,12,,,0.7564139366149902,0.8771868944168091,1.0085686445236206,1.148201584815979,1.1322932243347168
12,12,0.5532168745994568,,,,,,
13,13,,,0.7562165260314941,0.8882642388343811,0.9985268712043762,1.1515846252441406,1.1322932243347168
13,13,0.5631147027015686,,,,,,
14,14,,,0.7555885910987854,0.8986719250679016,0.9825618863105774,1.1504968404769897,1.1322932243347168
14,14,0.5447067022323608,,,,,,
15,15,,,0.7555658221244812,0.9100382924079895,0.9903575778007507,1.1653469800949097,1.1322932243347168
15,15,0.5207726955413818,,,,,,
16,16,,,0.7564266324043274,0.9239810705184937,1.004895806312561,1.1878836154937744,1.1322932243347168
16,16,0.5240541100502014,,,,,,
17,17,,,0.7584527134895325,0.9380308985710144,1.0033864974975586,1.2024281024932861,1.1322932243347168
17,17,0.5368202328681946,,,,,,
18,18,,,0.7618022561073303,0.9458443522453308,0.9990339875221252,1.211181402206421,1.1322932243347168
18,18,0.5323646664619446,,,,,,
19,19,,,0.7641943693161011,0.9394992589950562,1.0109940767288208,1.215431571006775,1.1322932243347168
19,19,0.520799994468689,,,,,,
20,20,,,0.7616375684738159,0.9194607734680176,1.0253205299377441,1.2026218175888062,1.1322932243347168
20,20,0.5211477279663086,,,,,,
21,21,,,0.7572940587997437,0.9012770652770996,1.0265333652496338,1.1816366910934448,1.1322932243347168
21,21,0.5247239470481873,,,,,,
22,22,,,0.7551770806312561,0.8967329859733582,1.0201185941696167,1.1710386276245117,1.1322932243347168
22,22,0.5264323949813843,,,,,,
23,23,,,0.755639374256134,0.907423734664917,1.0125890970230103,1.1765536069869995,1.1322932243347168
23,23,0.5235441327095032,,,,,,
24,24,,,0.7591026425361633,0.9282436966896057,1.0057965517044067,1.195601463317871,1.1322932243347168
24,24,0.5142294764518738,,,,,,
25,25,,,0.7620710730552673,0.94266277551651,1.000308632850647,1.209293246269226,1.1322932243347168
25,25,0.5119473338127136,,,,,,
26,26,,,0.7594272494316101,0.9350957274436951,0.9969763159751892,1.1969959735870361,1.1322932243347168
26,26,0.5194769501686096,,,,,,
27,27,,,0.7549595832824707,0.9146815538406372,0.9965826869010925,1.1725715398788452,1.1322932243347168
27,27,0.5186316967010498,,,,,,
28,28,,,0.7528904676437378,0.8986789584159851,0.9985840320587158,1.1568570137023926,1.1322932243347168
28,28,0.5140403509140015,,,,,,
29,29,,,0.7525421977043152,0.8935763239860535,1.0031601190567017,1.1546636819839478,1.1322932243347168
29,29,0.5134499073028564,,,,,,
30,30,,,0.7535655498504639,0.8986958861351013,1.0089030265808105,1.1639567613601685,1.1322932243347168
30,30,0.5130408406257629,,,,,,
31,31,,,0.7554501295089722,0.909515917301178,1.009567379951477,1.1763651371002197,1.1322932243347168
31,31,0.512594997882843,,,,,,
32,32,,,0.7557802200317383,0.9184189438819885,1.0029585361480713,1.1808290481567383,1.1322932243347168
32,32,0.5122249722480774,,,,,,
33,33,,,0.7545774579048157,0.9223931431770325,0.9979979395866394,1.1800081729888916,1.1322932243347168
33,33,0.5087905526161194,,,,,,
34,34,,,0.7538071274757385,0.924790620803833,0.9985496401786804,1.1816141605377197,1.1322932243347168
34,34,0.5073848366737366,,,,,,
35,35,,,0.7541314959526062,0.928062915802002,0.9988735914230347,1.1852158308029175,1.1322932243347168
35,35,0.5102319717407227,,,,,,
36,36,,,0.7551394701004028,0.9300256967544556,0.998504102230072,1.1880226135253906,1.1322932243347168
36,36,0.5102894902229309,,,,,,
37,37,,,0.7554473280906677,0.9259570837020874,1.0016332864761353,1.1865347623825073,1.1322932243347168
37,37,0.5073198676109314,,,,,,
38,38,,,0.7538975477218628,0.9152889251708984,1.006027340888977,1.1775680780410767,1.1322932243347168
38,38,0.5059735178947449,,,,,,
39,39,,,0.7517733573913574,0.90483158826828,1.0072836875915527,1.1663122177124023,1.1322932243347168
39,39,0.5056779980659485,,,,,,
40,40,,,0.7506946921348572,0.9014954566955566,1.0058796405792236,1.1611639261245728,1.1322932243347168
40,40,0.5056490302085876,,,,,,
41,41,,,0.750997006893158,0.9069851040840149,1.0039353370666504,1.1652801036834717,1.1322932243347168
41,41,0.5051429271697998,,,,,,
42,42,,,0.7525232434272766,0.9176966547966003,1.0025280714035034,1.175978660583496,1.1322932243347168
42,42,0.5033921003341675,,,,,,
43,43,,,0.7537084817886353,0.9251732230186462,1.0019989013671875,1.1839361190795898,1.1322932243347168
43,43,0.5028578639030457,,,,,,
44,44,,,0.7528262734413147,0.9231789708137512,1.0026111602783203,1.1814117431640625,1.1322932243347168
44,44,0.5035372972488403,,,,,,
45,45,,,0.7510437965393066,0.9157412648200989,1.0046095848083496,1.173681616783142,1.1322932243347168
45,45,0.5023526549339294,,,,,,
46,46,,,0.7502290606498718,0.9108783006668091,1.0078297853469849,1.1702486276626587,1.1322932243347168
46,46,0.5008760094642639,,,,,,
47,47,,,0.7507641315460205,0.9118295311927795,1.0114284753799438,1.1739529371261597,1.1322932243347168
47,47,0.5001963376998901,,,,,,
48,48,,,0.751634955406189,0.9159542322158813,1.0128005743026733,1.1795886754989624,1.1322932243347168
48,48,0.49973049759864807,,,,,,
49,49,,0.49948886036872864,,,,,
49,49,,,0.7512280941009521,0.9184544682502747,1.010064721107483,1.1797044277191162,1.1322932243347168
49,49,0.49948886036872864,,,,,,
50,50,,,0.7498016953468323,0.9184296727180481,1.0060166120529175,1.175498366355896,1.1322932243347168
50,50,0.498352587223053,,,,,,
51,51,,,0.7488211989402771,0.9185882806777954,1.0035820007324219,1.1729867458343506,1.1322932243347168
51,51,0.49736085534095764,,,,,,
52,52,,,0.7487197518348694,0.919819176197052,1.002806305885315,1.173519253730774,1.1322932243347168
52,52,0.4970818758010864,,,,,,
53,53,,,0.7487854361534119,0.919533371925354,1.0036070346832275,1.1738226413726807,1.1322932243347168
53,53,0.49614137411117554,,,,,,
54,54,,,0.7479794025421143,0.9151936173439026,1.0052341222763062,1.1698884963989258,1.1322932243347168
54,54,0.4950481057167053,,,,,,
55,55,,,0.7464368343353271,0.9088894724845886,1.0060404539108276,1.1628180742263794,1.1322932243347168
55,55,0.49425914883613586,,,,,,
56,56,,,0.745246171951294,0.9056007862091064,1.0057175159454346,1.1582337617874146,1.1322932243347168
56,56,0.49362677335739136,,,,,,
57,57,,,0.7449668645858765,0.9077870845794678,1.0049891471862793,1.159428596496582,1.1322932243347168
57,57,0.4929543733596802,,,,,,
58,58,,,0.7453530430793762,0.9132769107818604,1.0043902397155762,1.1644952297210693,1.1322932243347168
58,58,0.4917908310890198,,,,,,
59,59,,,0.7453911900520325,0.916837751865387,1.0042017698287964,1.1676663160324097,1.1322932243347168
59,59,0.49081072211265564,,,,,,
60,60,,,0.7444721460342407,0.9156439304351807,1.0047731399536133,1.1658306121826172,1.1322932243347168
60,60,0.49008825421333313,,,,,,
61,61,,,0.7433987259864807,0.9125307202339172,1.006317377090454,1.1626635789871216,1.1322932243347168
61,61,0.4890090823173523,,,,,,
62,62,,,0.7430076599121094,0.9113534688949585,1.0085898637771606,1.1625171899795532,1.1322932243347168
62,62,0.487959086894989,,,,,,
63,63,,,0.7430451512336731,0.9122575521469116,1.0105974674224854,1.1646087169647217,1.1322932243347168
63,63,0.48698312044143677,,,,,,
64,64,,,0.7424970865249634,0.9125855565071106,1.0108224153518677,1.1643927097320557,1.1322932243347168
64,64,0.4860859215259552,,,,,,
65,65,,,0.7411556243896484,0.911392867565155,1.009392261505127,1.160844326019287,1.1322932243347168
65,65,0.48498091101646423,,,,,,
66,66,,,0.739933431148529,0.9105654954910278,1.0080519914627075,1.1578282117843628,1.1322932243347168
66,66,0.4837128818035126,,,,,,
67,67,,,0.7393221259117126,0.9110117554664612,1.007835030555725,1.1573766469955444,1.1322932243347168
67,67,0.48268696665763855,,,,,,
68,68,,,0.7388433814048767,0.9108638763427734,1.0086853504180908,1.1571956872940063,1.1322932243347168
68,68,0.4815516471862793,,,,,,
69,69,,,0.7377750277519226,0.90827476978302,1.0097196102142334,1.1542240381240845,1.1322932243347168
69,69,0.48031729459762573,,,,,,
70,70,,,0.7362871170043945,0.9048306345939636,1.0101052522659302,1.1496007442474365,1.1322932243347168
70,70,0.47907009720802307,,,,,,
71,71,,,0.7351124286651611,0.9037634134292603,1.009848952293396,1.1471015214920044,1.1322932243347168
71,71,0.4778710901737213,,,,,,
72,72,,,0.7344447374343872,0.9056692719459534,1.0092442035675049,1.147661566734314,1.1322932243347168
72,72,0.47658172249794006,,,,,,
73,73,,,0.7337197661399841,0.9076802134513855,1.008493185043335,1.1481645107269287,1.1322932243347168
73,73,0.47515949606895447,,,,,,
74,74,,,0.7324022650718689,0.9070462584495544,1.0079741477966309,1.1457306146621704,1.1322932243347168
74,74,0.47384771704673767,,,,,,
75,75,,,0.7308821082115173,0.9046958088874817,1.0081610679626465,1.1419479846954346,1.1322932243347168
75,75,0.4724753797054291,,,,,,
76,76,,,0.7297453880310059,0.903063952922821,1.0091018676757812,1.1397275924682617,1.1322932243347168
76,76,0.47102949023246765,,,,,,
77,77,,,0.7288200259208679,0.9023334383964539,1.0101802349090576,1.1386514902114868,1.1322932243347168
77,77,0.4695369005203247,,,,,,
78,78,,,0.7274894118309021,0.9010134339332581,1.0104527473449707,1.1360845565795898,1.1322932243347168
78,78,0.468055784702301,,,,,,
79,79,,,0.72576904296875,0.8991575241088867,1.0099109411239624,1.1320922374725342,1.1320922374725342
79,79,0.46649810671806335,,,,,,
80,80,,,0.7242568135261536,0.8983073234558105,1.0094903707504272,1.1293210983276367,1.1293210983276367
80,80,0.4648813009262085,,,,,,
81,81,,,0.7231064438819885,0.8984634876251221,1.0097607374191284,1.1282939910888672,1.1282939910888672
81,81,0.4632827043533325,,,,,,
82,82,,,0.7218351364135742,0.8977044224739075,1.0105186700820923,1.1266103982925415,1.1266103982925415
82,82,0.4616084098815918,,,,,,
83,83,,,0.7201300263404846,0.8952963948249817,1.0112406015396118,1.1229387521743774,1.1229387521743774
83,83,0.45988503098487854,,,,,,
84,84,,,0.7183684706687927,0.8931366205215454,1.0117113590240479,1.1192795038223267,1.1192795038223267
84,84,0.4581100046634674,,,,,,
85,85,,,0.7168872356414795,0.8927216529846191,1.0119364261627197,1.1173484325408936,1.1173484325408936
85,85,0.456302672624588,,,,,,
86,86,,,0.715428352355957,0.8928809762001038,1.0118458271026611,1.1157628297805786,1.1157628297805786
86,86,0.4544156789779663,,,,,,
87,87,,,0.7136156558990479,0.8917550444602966,1.0115320682525635,1.112499475479126,1.112499475479126
87,87,0.45248356461524963,,,,,,
88,88,,,0.711649477481842,0.8896582126617432,1.0114134550094604,1.108327865600586,1.108327865600586
88,88,0.4504687190055847,,,,,,
89,89,,,0.7098943591117859,0.8879373073577881,1.0117485523223877,1.1050164699554443,1.1050164699554443
89,89,0.4483848214149475,,,,,,
90,90,,,0.7082342505455017,0.886491060256958,1.012269377708435,1.1021764278411865,1.1021764278411865
90,90,0.44620299339294434,,,,,,
91,91,,,0.7063612341880798,0.884525716304779,1.0125149488449097,1.0984768867492676,1.0984768867492676
91,91,0.44392478466033936,,,,,,
92,92,,,0.7043763995170593,0.8825637102127075,1.0124822854995728,1.0944933891296387,1.0944933891296387
92,92,0.4415404796600342,,,,,,
93,93,,,0.7025530338287354,0.8815495371818542,1.0124891996383667,1.0915558338165283,1.0915558338165283
93,93,0.43903547525405884,,,,,,
94,94,,,0.7008179426193237,0.8809143900871277,1.012656331062317,1.0891540050506592,1.0891540050506592
94,94,0.43637555837631226,,,,,,
95,95,,,0.6989412903785706,0.8794927000999451,1.012951135635376,1.0859891176223755,1.0859891176223755
95,95,0.43357527256011963,,,,,,
96,96,,,0.6970362663269043,0.8776434659957886,1.0134804248809814,1.0825709104537964,1.0825709104537964
96,96,0.4305914044380188,,,,,,
97,97,,,0.6953263878822327,0.8764194250106812,1.0142828226089478,1.0800915956497192,1.0800915956497192
97,97,0.42741748690605164,,,,,,
98,98,,,0.693672776222229,0.8755228519439697,1.0150506496429443,1.0779449939727783,1.0779449939727783
98,98,0.4240416884422302,,,,,,
99,99,,0.4204351603984833,,,,,
99,99,,,0.6918357610702515,0.8740992546081543,1.0154993534088135,1.0749465227127075,1.0749465227127075
99,99,0.4204351603984833,,,,,,
100,100,,,0.6899709105491638,0.8726005554199219,1.0158663988113403,1.0718094110488892,1.0718094110488892
100,100,0.41658857464790344,,,,,,
101,101,,,0.6883074045181274,0.8717244267463684,1.0165499448776245,1.0696359872817993,1.0696359872817993
101,101,0.4124784469604492,,,,,,
102,102,,,0.6866687536239624,0.8707632422447205,1.0175343751907349,1.0676071643829346,1.0676071643829346
102,102,0.40809786319732666,,,,,,
103,103,,,0.6848242282867432,0.8690440654754639,1.0185611248016357,1.0647293329238892,1.0647293329238892
103,103,0.40342894196510315,,,,,,
104,104,,,0.6829279065132141,0.867497444152832,1.0195552110671997,1.0619326829910278,1.0619326829910278
104,104,0.3984611928462982,,,,,,
105,105,,,0.6810723543167114,0.8667761087417603,1.020530343055725,1.0598883628845215,1.0598883628845215
105,105,0.3931787312030792,,,,,,
106,106,,,0.6789666414260864,0.865888774394989,1.0214183330535889,1.0573819875717163,1.0573819875717163
106,106,0.3875593841075897,,,,,,
107,107,,,0.6765112280845642,0.8642995357513428,1.022310733795166,1.05390465259552,1.05390465259552
107,107,0.38160189986228943,,,,,,
108,108,,,0.6739542484283447,0.8627738356590271,1.0234565734863281,1.050541877746582,1.050541877746582
108,108,0.3752950429916382,,,,,,
109,109,,,0.6711986660957336,0.8612270951271057,1.0248725414276123,1.0471291542053223,1.0471291542053223
109,109,0.3686220645904541,,,,,,
110,110,,,0.6679645776748657,0.8590500354766846,1.0263073444366455,1.0426934957504272,1.0426934957504272
110,110,0.3615909814834595,,,,,,
111,111,,,0.6643577814102173,0.8567534685134888,1.0276049375534058,1.0376973152160645,1.0376973152160645
111,111,0.3542097210884094,,,,,,
112,112,,,0.6604142189025879,0.854563295841217,1.0288249254226685,1.032414197921753,1.032414197921753
112,112,0.34650418162345886,,,,,,
113,113,,,0.6560370326042175,0.8521261811256409,1.0300766229629517,1.0265169143676758,1.0265169143676758
113,113,0.3384993374347687,,,,,,
114,114,,,0.6512935757637024,0.8494495153427124,1.0314452648162842,1.0201458930969238,1.0201458930969238
114,114,0.3302469551563263,,,,,,
115,115,,,0.6462391018867493,0.846619188785553,1.0329426527023315,1.0134488344192505,1.0134488344192505
115,115,0.3217855989933014,,,,,,
116,116,,,0.6409538388252258,0.8439669609069824,1.034438967704773,1.0067139863967896,1.0067139863967896
116,116,0.3131563067436218,,,,,,
117,117,,,0.6352075338363647,0.8408194780349731,1.0358014106750488,0.9990653395652771,0.9990653395652771
117,117,0.30441033840179443,,,,,,
118,118,,,0.6293196678161621,0.8382222652435303,1.0370689630508423,0.991736888885498,0.991736888885498
118,118,0.29558610916137695,,,,,,
119,119,,,0.6230830550193787,0.8351694941520691,1.038285255432129,0.9837130904197693,0.9837130904197693
119,119,0.2867358922958374,,,,,,
120,120,,,0.6167327761650085,0.832337498664856,1.0395864248275757,0.9758856892585754,0.9758856892585754
120,120,0.27792227268218994,,,,,,
121,121,,,0.6099874377250671,0.8285311460494995,1.0410479307174683,0.9670439958572388,0.9670439958572388
121,121,0.26922664046287537,,,,,,
122,122,,,0.6036561131477356,0.8273077607154846,1.0426465272903442,0.9608986377716064,0.9608986377716064
122,122,0.2607993185520172,,,,,,
123,123,,,0.5963534116744995,0.8194013237953186,1.0442754030227661,0.9484443664550781,0.9484443664550781
123,123,0.2532791495323181,,,,,,
124,124,,,0.5925476551055908,0.8270938396453857,1.0479426383972168,0.9534451961517334,0.9484443664550781
124,124,0.25011754035949707,,,,,,
125,125,,,0.5872768759727478,0.8063273429870605,1.0476375818252563,0.9314122200012207,0.9314122200012207
125,125,0.2622026205062866,,,,,,
126,126,,,0.5772768259048462,0.8180849552154541,1.0447378158569336,0.929755687713623,0.929755687713623
126,126,0.2764987647533417,,,,,,
127,127,,,0.5720111131668091,0.8161152005195618,1.0450198650360107,0.9234927296638489,0.9234927296638489
127,127,0.23269246518611908,,,,,,
128,128,,,0.5714268684387207,0.7990421056747437,1.0453457832336426,0.9094542264938354,0.9094542264938354
128,128,0.22975057363510132,,,,,,
129,129,,,0.5607370734214783,0.8052363395690918,1.0434890985488892,0.9035396575927734,0.9035396575927734
129,129,0.2428516000509262,,,,,,
130,130,,,0.5561290383338928,0.8119267225265503,1.0463886260986328,0.9066363573074341,0.9035396575927734
130,130,0.20792552828788757,,,,,,
131,131,,,0.5575976371765137,0.7945332527160645,1.0401259660720825,0.8900964856147766,0.8900964856147766
131,131,0.22510498762130737,,,,,,
132,132,,,0.5510870218276978,0.7958633899688721,1.0389106273651123,0.8846092820167542,0.8846092820167542
132,132,0.21270206570625305,,,,,,
133,133,,,0.5424472689628601,0.8074839115142822,1.0431957244873047,0.8890163898468018,0.8846092820167542
133,133,0.20020952820777893,,,,,,
134,134,,,0.5438787341117859,0.7944386005401611,1.0382816791534424,0.8767735362052917,0.8767735362052917
134,134,0.21273230016231537,,,,,,
135,135,,,0.5462728142738342,0.7916824817657471,1.0395437479019165,0.8774815797805786,0.8767735362052917
135,135,0.18904919922351837,,,,,,
136,136,,,0.5343749523162842,0.7988727688789368,1.0383248329162598,0.8721160888671875,0.8721160888671875
136,136,0.20001459121704102,,,,,,
137,137,,,0.5312252044677734,0.7982355356216431,1.0370010137557983,0.8680936098098755,0.8680936098098755
137,137,0.18755432963371277,,,,,,
138,138,,,0.5372256636619568,0.7918754816055298,1.035693645477295,0.8673734664916992,0.8673734664916992
138,138,0.18607643246650696,,,,,,
139,139,,,0.531539261341095,0.7932679057121277,1.0340381860733032,0.8625720739364624,0.8625720739364624
139,139,0.18787693977355957,,,,,,
140,140,,,0.5236402750015259,0.7987351417541504,1.036551833152771,0.8618079423904419,0.8618079423904419
140,140,0.1766953021287918,,,,,,
141,141,,,0.5256578922271729,0.7936679720878601,1.0339419841766357,0.8578538298606873,0.8578538298606873
141,141,0.18428847193717957,,,,,,
142,142,,,0.5275200605392456,0.7912992238998413,1.0330270528793335,0.8569834232330322,0.8569834232330322
142,142,0.17270837724208832,,,,,,
143,143,,,0.5191094875335693,0.7959583401679993,1.0322142839431763,0.8531105518341064,0.8531105518341064
143,143,0.17644625902175903,,,,,,
144,144,,,0.5166051983833313,0.7961480617523193,1.0317507982254028,0.8508963584899902,0.8508963584899902
144,144,0.17160071432590485,,,,,,
145,145,,,0.5205814242362976,0.7911534905433655,1.0313407182693481,0.8499974608421326,0.8499974608421326
145,145,0.16859297454357147,,,,,,
146,146,,,0.5158403515815735,0.7930870056152344,1.030881643295288,0.8473031520843506,0.8473031520843506
146,146,0.17008276283740997,,,,,,
147,147,,,0.5107977986335754,0.7964658141136169,1.0320645570755005,0.8465712070465088,0.8465712070465088
147,147,0.16301244497299194,,,,,,
148,148,,,0.5127345323562622,0.792302668094635,1.0300811529159546,0.8436300754547119,0.8436300754547119
148,148,0.1662500500679016,,,,,,
149,149,,0.16022813320159912,,,,,
149,149,,,0.5118535757064819,0.7920158505439758,1.0300319194793701,0.8426514267921448,0.8426514267921448
149,149,0.16022813320159912,,,,,,
150,150,,,0.505805492401123,0.7952766418457031,1.0314855575561523,0.8412085771560669,0.8412085771560669
150,150,0.1604054719209671,,,,,,
151,151,,,0.5054349303245544,0.7939479947090149,1.0313054323196411,0.8397464752197266,0.8397464752197266
151,151,0.15849295258522034,,,,,,
152,152,,,0.5068653225898743,0.7922282218933105,1.0310144424438477,0.8393667936325073,0.8393667936325073
152,152,0.154959037899971,,,,,,
153,153,,,0.5018945932388306,0.7938782572746277,1.032041311264038,0.8372983336448669,0.8372983336448669
153,153,0.1558990776538849,,,,,,
154,154,,,0.49922600388526917,0.7953782677650452,1.0331122875213623,0.8370160460472107,0.8370160460472107
154,154,0.1513497680425644,,,,,,
155,155,,,0.5012616515159607,0.7936056852340698,1.031591534614563,0.8362942934036255,0.8362942934036255
155,155,0.15180888772010803,,,,,,
156,156,,,0.4990859925746918,0.7937395572662354,1.0325508117675781,0.8352584838867188,0.8352584838867188
156,156,0.14922434091567993,,,,,,
157,157,,,0.4945147633552551,0.7961137294769287,1.035338282585144,0.8352469205856323,0.8352469205856323
157,157,0.14723913371562958,,,,,,
158,158,,,0.4953053295612335,0.7952781319618225,1.0344631671905518,0.8346633315086365,0.8346633315086365
158,158,0.14693064987659454,,,,,,
159,159,,,0.49581143260002136,0.7947341203689575,1.034295678138733,0.8345296382904053,0.8345296382904053
159,159,0.14364352822303772,,,,,,
160,160,,,0.49127671122550964,0.7968273758888245,1.0367810726165771,0.8341636657714844,0.8341636657714844
160,160,0.14349831640720367,,,,,,
161,161,,,0.48986899852752686,0.7971022129058838,1.0376665592193604,0.8338327407836914,0.8338327407836914
161,161,0.14125956594944,,,,,,
162,162,,,0.49125176668167114,0.7963224053382874,1.0371861457824707,0.8339985013008118,0.8338327407836914
162,162,0.1395968496799469,,,,,,
163,163,,,0.4883759915828705,0.7977553606033325,1.0392619371414185,0.8341854214668274,0.8338327407836914
163,163,0.13893800973892212,,,,,,
164,164,,,0.485653817653656,0.7986732721328735,1.0412797927856445,0.8340640664100647,0.8338327407836914
164,164,0.13646775484085083,,,,,,
165,165,,,0.4863891899585724,0.798168420791626,1.0403660535812378,0.8336591720581055,0.8336591720581055
165,165,0.13582178950309753,,,,,,
166,166,,,0.48515772819519043,0.79905766248703,1.0414851903915405,0.8341136574745178,0.8336591720581055
166,166,0.13422030210494995,,,,,,
167,167,,,0.48238900303840637,0.8001477718353271,1.044114112854004,0.834497332572937,0.8336591720581055
167,167,0.1324857622385025,,,,,,
168,168,,,0.48206236958503723,0.7999725937843323,1.0440077781677246,0.8340388536453247,0.8336591720581055
168,168,0.131804957985878,,,,,,
